<?xml version="1.0" encoding="UTF-8"?>
<Mpeg7 xmlns="urn:mpeg:mpeg7:schema:2001" xmlns:xsi="http://www.w3.org/2001/XMLSchema-instance">
  <DescriptionMetadata>
    <Version>2.0</Version>
    <Comment>
      <FreeTextAnnotation />
    </Comment>
    <Creator>
      <Role href="creatorCS">
        <Name>Creator</Name>
      </Role>
      <Agent xsi:type="PersonType">
        <Name>
          <GivenName>Mathias</GivenName>
          <FamilyName>Lux</FamilyName>
          <GivenName>Motte</GivenName>
        </Name>
        <Affiliation>
          <Organization>
            <Name>Know-Center</Name>
          </Organization>
        </Affiliation>
        <ElectronicAddress>
          <Email>mlux@know-center.at</Email>
          <Url>http://www.know-center.at</Url>
        </ElectronicAddress>
      </Agent>
    </Creator>
    <CreationTime>2005-02-03T22:02</CreationTime>
    <Instrument>
      <Tool>
        <Name>Caliph v0.9.18</Name>
      </Tool>
    </Instrument>
  </DescriptionMetadata>
  <Description xsi:type="ContentEntityType">
    <MultimediaContent xsi:type="ImageType">
      <Image>
        <MediaInformation>
          <MediaProfile master="true">
            <MediaFormat>
              <Content href="image" />
              <FileFormat href="urn:mpeg:MPEG7FileFormatCS:1">
                <Name>JPEG</Name>
              </FileFormat>
              <VisualCoding>
                <Format href="urn:mpeg:MPEG7FileFormatCS:1" colorDomain="color">
                  <Name>JPEG</Name>
                </Format>
                <Pixel bitsPer="24" />
                <Frame width="480" height="640" />
              </VisualCoding>
            </MediaFormat>
            <MediaQuality>
              <QualityRating type="subjective">
                <RatingValue>4</RatingValue>
                <RatingScheme style="higherBetter" worst="1" best="5" />
              </QualityRating>
              <RatingSource xsi:type="PersonType">
                <Name>
                  <GivenName>Mathias</GivenName>
                  <FamilyName>Lux</FamilyName>
                  <GivenName>Motte</GivenName>
                </Name>
                <Affiliation>
                  <Organization>
                    <Name>Know-Center</Name>
                  </Organization>
                </Affiliation>
                <ElectronicAddress>
                  <Email>mlux@know-center.at</Email>
                  <Url>http://www.know-center.at</Url>
                </ElectronicAddress>
              </RatingSource>
            </MediaQuality>
            <MediaInstance>
              <InstanceIdentifier />
              <MediaLocator>
                <MediaUri>file:/C:/Dokumente%20und%20Einstellungen/Mathias/Eigene%20Dateien/JavaProjects/Caliph/example-data/Graz%202003/P1000620.JPG</MediaUri>
              </MediaLocator>
            </MediaInstance>
          </MediaProfile>
          <MediaProfile>
            <MediaFormat>
              <Content href="image" />
              <FileFormat href="urn:mpeg:MPEG7FileFormatCS:1">
                <Name>JPEG</Name>
              </FileFormat>
              <VisualCoding>
                <Format href="urn:mpeg:MPEG7FileFormatCS:1" colorDomain="color">
                  <Name>JPEG</Name>
                </Format>
                <Pixel bitsPer="24" />
                <Frame width="120" height="120" />
              </VisualCoding>
            </MediaFormat>
            <MediaInstance>
              <InstanceIdentifier />
              <MediaLocator>
                <MediaUri>file:/C:/Dokumente%20und%20Einstellungen/Mathias/Eigene%20Dateien/JavaProjects/Caliph/example-data/Graz%202003/tn_P1000620.JPG</MediaUri>
              </MediaLocator>
            </MediaInstance>
          </MediaProfile>
        </MediaInformation>
        <CreationInformation>
          <Creation>
            <Title>Creation information</Title>
            <Creator>
              <Role href="creatorCS">
                <Name>Creator</Name>
              </Role>
              <Agent xsi:type="PersonType">
                <Name>
                  <GivenName>Mathias</GivenName>
                  <FamilyName>Lux</FamilyName>
                  <GivenName>Motte</GivenName>
                </Name>
                <Affiliation>
                  <Organization>
                    <Name>Know-Center</Name>
                  </Organization>
                </Affiliation>
                <ElectronicAddress>
                  <Email>mlux@know-center.at</Email>
                  <Url>http://www.know-center.at</Url>
                </ElectronicAddress>
              </Agent>
            </Creator>
            <CreationCoordinates>
              <Date>
                <TimePoint>2003-01-26T12:29:42</TimePoint>
              </Date>
            </CreationCoordinates>
            <CreationTool>
              <Tool>
                <Name>Panasonic DMC-LC20</Name>
              </Tool>
              <Setting name="Make" value="Panasonic" />
              <Setting name="Model" value="DMC-LC20" />
              <Setting name="Orientation" value="Top, left side (Horizontal / normal)" />
              <Setting name="X Resolution" value="72 dots per inch" />
              <Setting name="Y Resolution" value="72 dots per inch" />
              <Setting name="Resolution Unit" value="Inch" />
              <Setting name="Software" value="Ver.1.2" />
              <Setting name="Date/Time" value="2003:01:26 12:29:42" />
              <Setting name="YCbCr Positioning" value="Datum point" />
              <Setting name="Exposure Time" value="17/9420 sec" />
              <Setting name="F-Number" value="F2,8" />
              <Setting name="Exposure Program" value="Program normal" />
              <Setting name="ISO Speed Ratings" value="100" />
              <Setting name="Date/Time Original" value="2003:01:26 12:29:42" />
              <Setting name="Date/Time Digitized" value="2003:01:26 12:29:42" />
              <Setting name="Compressed Bits Per Pixel" value="2.3 bits/pixel" />
              <Setting name="Shutter Speed Value" value="1/548 sec" />
              <Setting name="Aperture Value" value="F2,8" />
              <Setting name="Exposure Bias Value" value="0 EV" />
              <Setting name="Max Aperture Value" value="F2,8" />
              <Setting name="Metering Mode" value="Center weighted average" />
              <Setting name="Light Source" value="Daylight" />
              <Setting name="Flash" value="Flash did not fire, auto" />
              <Setting name="Focal Length" value="5,4 mm" />
              <Setting name="Color Space" value="sRGB" />
              <Setting name="Exif Image Width" value="640 pixels" />
              <Setting name="Exif Image Height" value="480 pixels" />
              <Setting name="Sensing Method" value="One-chip color area sensor" />
              <Setting name="File Source" value="Digital Still Camera (DSC)" />
              <Setting name="Scene Type" value="Directly photographed image" />
              <Setting name="Custom Rendered" value="Normal process" />
              <Setting name="Exposure Mode" value="Auto exposure" />
              <Setting name="White Balance" value="Auto white balance" />
              <Setting name="Digital Zoom Ratio" value="Digital zoom not used." />
              <Setting name="Focal Length 35" value="Unknown" />
              <Setting name="Scene Capture Type" value="Standard" />
              <Setting name="Gain Control" value="Low gain down" />
              <Setting name="Contrast" value="None" />
              <Setting name="Saturation" value="None" />
              <Setting name="Sharpness" value="None" />
              <Setting name="Subject Distance Range" value="Distant view" />
              <Setting name="Compression" value="JPEG (old-style)" />
              <Setting name="Thumbnail Offset" value="1522 bytes" />
              <Setting name="Thumbnail Length" value="10754 bytes" />
            </CreationTool>
          </Creation>
        </CreationInformation>
        <TextAnnotation>
          <FreeTextAnnotation>The Murinsel in Graz for Graz 2003 is an artificial island.</FreeTextAnnotation>
          <StructuredAnnotation>
            <WhatObject>
              <Name>Murinsel</Name>
            </WhatObject>
            <WhatAction>
              <Name>Graz 2003</Name>
            </WhatAction>
            <Where>
              <Name>Graz</Name>
            </Where>
            <When>
              <Name>Winter 2003</Name>
            </When>
          </StructuredAnnotation>
        </TextAnnotation>
        <Semantic>
          <Label>
            <Name />
          </Label>
          <SemanticBase xsi:type="SemanticPlaceType" id="id_1">
            <Label>
              <Name>Graz</Name>
            </Label>
            <Place>
              <PostalAddress>
                <AddressLine>8010 Graz</AddressLine>
                <AddressLine>Austria</AddressLine>
              </PostalAddress>
            </Place>
          </SemanticBase>
          <SemanticBase xsi:type="SemanticTimeType" id="id_2">
            <Label>
              <Name>Winter 2003</Name>
            </Label>
            <Time>
              <TimePoint>2003-01-01T22:01</TimePoint>
            </Time>
          </SemanticBase>
          <SemanticBase xsi:type="EventType" id="id_3">
            <Label>
              <Name>Graz 2003</Name>
            </Label>
            <Definition>
              <FreeTextAnnotation>Graz and culture</FreeTextAnnotation>
            </Definition>
            <Event>
              <Label>
                <Name>Graz 2003</Name>
              </Label>
              <SemanticPlace>
                <Label>
                  <Name>Graz</Name>
                </Label>
              </SemanticPlace>
              <SemanticTime>
                <Label>
                  <Name>Time of Graz 2003</Name>
                </Label>
                <Time>
                  <TimePoint>2003-02-03T22:01</TimePoint>
                </Time>
              </SemanticTime>
            </Event>
          </SemanticBase>
          <SemanticBase xsi:type="ObjectType" id="id_4">
            <Label>
              <Name>Murinsel</Name>
            </Label>
            <Definition>
              <FreeTextAnnotation>Graz's second landmark, the Murinsel. A floating island in a river.</FreeTextAnnotation>
            </Definition>
          </SemanticBase>
          <SemanticBase xsi:type="SemanticPlaceType" id="id_5">
            <Label>
              <Name>Mur</Name>
            </Label>
            <Definition>
              <FreeTextAnnotation>A river in Austrai, the main river in Styria</FreeTextAnnotation>
            </Definition>
            <Place>
              <PostalAddress>
                <AddressLine>Styria, Austria</AddressLine>
              </PostalAddress>
            </Place>
          </SemanticBase>
          <SemanticBase xsi:type="SemanticPlaceType" id="id_6">
            <Label>
              <Name>Austria</Name>
            </Label>
            <Place>
              <PostalAddress>
                <AddressLine>Europe</AddressLine>
              </PostalAddress>
            </Place>
          </SemanticBase>
          <SemanticBase xsi:type="SemanticPlaceType" id="id_7">
            <Label>
              <Name>Styria</Name>
            </Label>
            <Place>
              <PostalAddress>
                <AddressLine>Austria</AddressLine>
              </PostalAddress>
            </Place>
          </SemanticBase>
          <Graph>
            <Relation type="urn:mpeg:mpeg7:cs:SemanticRelationCS:2001:time" source="#id_3" target="#id_2" />
            <Relation type="urn:mpeg:mpeg7:cs:SemanticRelationCS:2001:location" source="#id_3" target="#id_1" />
            <Relation type="urn:mpeg:mpeg7:cs:SemanticRelationCS:2001:location" source="#id_4" target="#id_1" />
            <Relation type="urn:mpeg:mpeg7:cs:SemanticRelationCS:2001:context" source="#id_4" target="#id_3" />
            <Relation type="urn:mpeg:mpeg7:cs:SemanticRelationCS:2001:locationOf" source="#id_5" target="#id_4" />
            <Relation type="urn:mpeg:mpeg7:cs:SemanticRelationCS:2001:locationOf" source="#id_7" target="#id_1" />
            <Relation type="urn:mpeg:mpeg7:cs:SemanticRelationCS:2001:locationOf" source="#id_6" target="#id_7" />
            <Relation type="urn:mpeg:mpeg7:cs:SemanticRelationCS:2001:locationOf" source="#id_6" target="#id_5" />
          </Graph>
        </Semantic>
        <VisualDescriptor xsi:type="ColorLayoutType">
          <YDCCoeff>28</YDCCoeff>
          <CbDCCoeff>31</CbDCCoeff>
          <CrDCCoeff>33</CrDCCoeff>
          <YACCoeff63>6 25 23 22 19 10 19 10 16 14 15 15 15 18 16 16 14 16 16 16 15 15 18 17 16 15 16 18 13 15 12 17 15 15 16 15 15 14 13 18 16 15 16 15 17 15 15 16 15 17 15 15 15 15 16 15 16 15 14 15 16 16 15</YACCoeff63>
          <CbACCoeff63>16 18 15 13 15 16 17 17 16 16 16 14 15 16 16 15 16 16 15 16 16 16 16 15 15 15 15 15 16 16 16 15 15 15 16 16 16 16 15 15 16 16 15 15 15 16 16 16 16 15 16 16 16 16 15 16 15 16 15 16 16 16 16</CbACCoeff63>
          <CrACCoeff63>15 14 15 18 16 15 15 15 15 15 16 16 16 16 15 16 16 15 16 15 15 16 15 16 16 16 16 16 15 15 15 16 16 16 16 16 15 16 16 16 16 15 16 16 16 16 15 16 15 16 15 15 15 16 16 16 16 16 16 15 16 16 15</CrACCoeff63>
        </VisualDescriptor>
        <VisualDescriptor xsi:type="ScalableColorType" numOfBitplanesDiscarded="0" numOfCoeff="64">
          <Coeff>-202 68 22 54 1 2 7 14 6 13 11 22 5 6 9 19 0 1 0 2 -1 5 0 0 -5 -2 -2 3 -10 -7 -1 -4 0 0 0 1 0 0 1 2 1 1 1 3 1 2 4 5 1 -3 2 -2 1 -2 -12 -12 0 -7 0 -14 -12 -15 -18 -15</Coeff>
        </VisualDescriptor>
        <VisualDescriptor xsi:type="EdgeHistogramType">
          <BinCounts>4 2 6 3 7 1 5 5 3 7 0 5 2 6 7 3 5 2 6 6 5 1 3 6 7 4 2 5 4 7 4 3 6 4 6 2 2 4 5 7 5 3 5 3 6 3 2 7 5 6 4 2 5 6 6 4 2 4 7 6 6 2 5 4 5 6 2 7 2 4 2 3 5 6 7 4 2 5 7 5</BinCounts>
        </VisualDescriptor>
        <VisualDescriptor xsi:type="DominantColorType">
          <SpatialCoherency>0</SpatialCoherency>
          <Values>
            <Percentage>5</Percentage>
            <ColorValueIndex>3 3 3</ColorValueIndex>
          </Values>
          <Values>
            <Percentage>4</Percentage>
            <ColorValueIndex>15 15 16</ColorValueIndex>
          </Values>
          <Values>
            <Percentage>3</Percentage>
            <ColorValueIndex>24 24 25</ColorValueIndex>
          </Values>
          <Values>
            <Percentage>9</Percentage>
            <ColorValueIndex>11 10 10</ColorValueIndex>
          </Values>
          <Values>
            <Percentage>1</Percentage>
            <ColorValueIndex>29 25 21</ColorValueIndex>
          </Values>
          <Values>
            <Percentage>5</Percentage>
            <ColorValueIndex>19 17 17</ColorValueIndex>
          </Values>
          <Values>
            <Percentage>2</Percentage>
            <ColorValueIndex>30 30 30</ColorValueIndex>
          </Values>
        </VisualDescriptor>
      </Image>
    </MultimediaContent>
  </Description>
</Mpeg7>

