<?xml version="1.0" encoding="UTF-8"?>
<Mpeg7 xmlns="urn:mpeg:mpeg7:schema:2001" xmlns:xsi="http://www.w3.org/2001/XMLSchema-instance">
  <DescriptionMetadata>
    <Version>2.0</Version>
    <Comment>
      <FreeTextAnnotation />
    </Comment>
    <Creator>
      <Role href="creatorCS">
        <Name>Creator</Name>
      </Role>
      <Agent xsi:type="PersonType">
        <Name>
          <GivenName>Mathias</GivenName>
          <FamilyName>Lux</FamilyName>
          <GivenName>Motte</GivenName>
        </Name>
        <Affiliation>
          <Organization>
            <Name>Know-Center</Name>
          </Organization>
        </Affiliation>
        <ElectronicAddress>
          <Email>mlux@know-center.at</Email>
          <Url>http://www.know-center.at</Url>
        </ElectronicAddress>
      </Agent>
    </Creator>
    <CreationTime>2005-02-03T22:02</CreationTime>
    <Instrument>
      <Tool>
        <Name>Caliph v0.9.14</Name>
      </Tool>
    </Instrument>
  </DescriptionMetadata>
  <Description xsi:type="ContentEntityType">
    <MultimediaContent xsi:type="ImageType">
      <Image>
        <MediaInformation>
          <MediaProfile master="true">
            <MediaFormat>
              <Content href="image" />
              <FileFormat href="urn:mpeg:MPEG7FileFormatCS:1">
                <Name>JPEG</Name>
              </FileFormat>
              <VisualCoding>
                <Format href="urn:mpeg:MPEG7FileFormatCS:1" colorDomain="color">
                  <Name>JPEG</Name>
                </Format>
                <Pixel bitsPer="24" />
                <Frame width="480" height="640" />
              </VisualCoding>
            </MediaFormat>
            <MediaQuality>
              <QualityRating type="subjective">
                <RatingValue>4</RatingValue>
                <RatingScheme style="higherBetter" worst="1" best="5" />
              </QualityRating>
              <RatingSource xsi:type="PersonType">
                <Name>
                  <GivenName>Mathias</GivenName>
                  <FamilyName>Lux</FamilyName>
                  <GivenName>Motte</GivenName>
                </Name>
                <Affiliation>
                  <Organization>
                    <Name>Know-Center</Name>
                  </Organization>
                </Affiliation>
                <ElectronicAddress>
                  <Email>mlux@know-center.at</Email>
                  <Url>http://www.know-center.at</Url>
                </ElectronicAddress>
              </RatingSource>
            </MediaQuality>
            <MediaInstance>
              <InstanceIdentifier />
              <MediaLocator>
                <MediaUri>file:/C:/Dokumente%20und%20Einstellungen/Mathias/Eigene%20Dateien/JavaProjects/Caliph/example-data/Graz%202003/P1000616.JPG</MediaUri>
              </MediaLocator>
            </MediaInstance>
          </MediaProfile>
          <MediaProfile>
            <MediaFormat>
              <Content href="image" />
              <FileFormat href="urn:mpeg:MPEG7FileFormatCS:1">
                <Name>JPEG</Name>
              </FileFormat>
              <VisualCoding>
                <Format href="urn:mpeg:MPEG7FileFormatCS:1" colorDomain="color">
                  <Name>JPEG</Name>
                </Format>
                <Pixel bitsPer="24" />
                <Frame width="120" height="120" />
              </VisualCoding>
            </MediaFormat>
            <MediaInstance>
              <InstanceIdentifier />
              <MediaLocator>
                <MediaUri>file:/C:/Dokumente%20und%20Einstellungen/Mathias/Eigene%20Dateien/JavaProjects/Caliph/example-data/Graz%202003/tn_P1000616.JPG</MediaUri>
              </MediaLocator>
            </MediaInstance>
          </MediaProfile>
        </MediaInformation>
        <CreationInformation>
          <Creation>
            <Title>Creation information</Title>
            <Creator>
              <Role href="creatorCS">
                <Name>Creator</Name>
              </Role>
              <Agent xsi:type="PersonType">
                <Name>
                  <GivenName>Mathias</GivenName>
                  <FamilyName>Lux</FamilyName>
                  <GivenName>Motte</GivenName>
                </Name>
                <Affiliation>
                  <Organization>
                    <Name>Know-Center</Name>
                  </Organization>
                </Affiliation>
                <ElectronicAddress>
                  <Email>mlux@know-center.at</Email>
                  <Url>http://www.know-center.at</Url>
                </ElectronicAddress>
              </Agent>
            </Creator>
            <CreationCoordinates>
              <Date>
                <TimePoint>2003-01-26T12:26:04</TimePoint>
              </Date>
            </CreationCoordinates>
            <CreationTool>
              <Tool>
                <Name>Panasonic DMC-LC20</Name>
              </Tool>
              <Setting name="Make" value="Panasonic" />
              <Setting name="Model" value="DMC-LC20" />
              <Setting name="Orientation" value="Top, left side (Horizontal / normal)" />
              <Setting name="X Resolution" value="72 dots per inch" />
              <Setting name="Y Resolution" value="72 dots per inch" />
              <Setting name="Resolution Unit" value="Inch" />
              <Setting name="Software" value="Ver.1.2" />
              <Setting name="Date/Time" value="2003:01:26 12:26:04" />
              <Setting name="YCbCr Positioning" value="Datum point" />
              <Setting name="Exposure Time" value="61/9420 sec" />
              <Setting name="F-Number" value="F8,2" />
              <Setting name="Exposure Program" value="Program normal" />
              <Setting name="ISO Speed Ratings" value="100" />
              <Setting name="Date/Time Original" value="2003:01:26 12:26:04" />
              <Setting name="Date/Time Digitized" value="2003:01:26 12:26:04" />
              <Setting name="Compressed Bits Per Pixel" value="2.3 bits/pixel" />
              <Setting name="Shutter Speed Value" value="1/157 sec" />
              <Setting name="Aperture Value" value="F8,3" />
              <Setting name="Exposure Bias Value" value="0 EV" />
              <Setting name="Max Aperture Value" value="F2,8" />
              <Setting name="Metering Mode" value="Center weighted average" />
              <Setting name="Light Source" value="Daylight" />
              <Setting name="Flash" value="Flash did not fire, auto" />
              <Setting name="Focal Length" value="6,07 mm" />
              <Setting name="Color Space" value="sRGB" />
              <Setting name="Exif Image Width" value="640 pixels" />
              <Setting name="Exif Image Height" value="480 pixels" />
              <Setting name="Sensing Method" value="One-chip color area sensor" />
              <Setting name="File Source" value="Digital Still Camera (DSC)" />
              <Setting name="Scene Type" value="Directly photographed image" />
              <Setting name="Custom Rendered" value="Normal process" />
              <Setting name="Exposure Mode" value="Auto exposure" />
              <Setting name="White Balance" value="Auto white balance" />
              <Setting name="Digital Zoom Ratio" value="Digital zoom not used." />
              <Setting name="Focal Length 35" value="Unknown" />
              <Setting name="Scene Capture Type" value="Standard" />
              <Setting name="Gain Control" value="Low gain down" />
              <Setting name="Contrast" value="None" />
              <Setting name="Saturation" value="None" />
              <Setting name="Sharpness" value="None" />
              <Setting name="Subject Distance Range" value="Distant view" />
              <Setting name="Compression" value="JPEG (old-style)" />
              <Setting name="Thumbnail Offset" value="1522 bytes" />
              <Setting name="Thumbnail Length" value="7170 bytes" />
            </CreationTool>
          </Creation>
        </CreationInformation>
        <TextAnnotation>
          <FreeTextAnnotation>Uhrturm in Graz</FreeTextAnnotation>
          <StructuredAnnotation>
            <WhatAction>
              <Name>Graz 2003</Name>
            </WhatAction>
            <Where>
              <Name>Graz</Name>
            </Where>
            <When>
              <Name>Winter 2003</Name>
            </When>
          </StructuredAnnotation>
        </TextAnnotation>
        <Semantic>
          <Label>
            <Name />
          </Label>
          <SemanticBase xsi:type="SemanticPlaceType" id="id_1">
            <Label>
              <Name>Graz</Name>
            </Label>
            <Place>
              <PostalAddress>
                <AddressLine>8010 Graz</AddressLine>
                <AddressLine>Austria</AddressLine>
              </PostalAddress>
            </Place>
          </SemanticBase>
          <SemanticBase xsi:type="SemanticTimeType" id="id_2">
            <Label>
              <Name>Winter 2003</Name>
            </Label>
            <Time>
              <TimePoint>2003-01-01T22:01</TimePoint>
            </Time>
          </SemanticBase>
          <SemanticBase xsi:type="EventType" id="id_3">
            <Label>
              <Name>Graz 2003</Name>
            </Label>
            <Definition>
              <FreeTextAnnotation>Graz and culture</FreeTextAnnotation>
            </Definition>
            <Event>
              <Label>
                <Name>Graz 2003</Name>
              </Label>
              <SemanticPlace>
                <Label>
                  <Name>Graz</Name>
                </Label>
              </SemanticPlace>
              <SemanticTime>
                <Label>
                  <Name>Time of Graz 2003</Name>
                </Label>
                <Time>
                  <TimePoint>2003-02-03T22:01</TimePoint>
                </Time>
              </SemanticTime>
            </Event>
          </SemanticBase>
          <SemanticBase xsi:type="ObjectType" id="id_4">
            <Label>
              <Name>Uhrturm</Name>
            </Label>
            <Definition>
              <FreeTextAnnotation>the town's landmark of Graz, Austria</FreeTextAnnotation>
            </Definition>
          </SemanticBase>
          <SemanticBase xsi:type="SemanticPlaceType" id="id_5">
            <Label>
              <Name>Austria</Name>
            </Label>
            <Place>
              <PostalAddress>
                <AddressLine>Europe</AddressLine>
              </PostalAddress>
            </Place>
          </SemanticBase>
          <SemanticBase xsi:type="SemanticPlaceType" id="id_6">
            <Label>
              <Name>Styria</Name>
            </Label>
            <Place>
              <PostalAddress>
                <AddressLine>Austria</AddressLine>
              </PostalAddress>
            </Place>
          </SemanticBase>
          <Graph>
            <Relation type="urn:mpeg:mpeg7:cs:SemanticRelationCS:2001:time" source="#id_3" target="#id_2" />
            <Relation type="urn:mpeg:mpeg7:cs:SemanticRelationCS:2001:location" source="#id_3" target="#id_1" />
            <Relation type="urn:mpeg:mpeg7:cs:SemanticRelationCS:2001:location" source="#id_4" target="#id_1" />
            <Relation type="urn:mpeg:mpeg7:cs:SemanticRelationCS:2001:context" source="#id_4" target="#id_3" />
            <Relation type="urn:mpeg:mpeg7:cs:SemanticRelationCS:2001:locationOf" source="#id_5" target="#id_6" />
            <Relation type="urn:mpeg:mpeg7:cs:SemanticRelationCS:2001:locationOf" source="#id_6" target="#id_1" />
          </Graph>
        </Semantic>
        <VisualDescriptor xsi:type="ColorLayoutType">
          <YDCCoeff>31</YDCCoeff>
          <CbDCCoeff>49</CbDCCoeff>
          <CrDCCoeff>23</CrDCCoeff>
          <YACCoeff63>13 25 14 17 15 16 17 18 13 11 13 14 15 16 15 15 16 15 15 20 15 16 17 15 15 15 16 15 15 16 16 16 15 16 14 16 14 16 16 16 15 15 16 15 14 15 16 17 14 15 16 16 16 15 16 16 16 15 15 15 16 15 15</YACCoeff63>
          <CbACCoeff63>15 28 19 16 16 16 15 17 11 15 16 15 16 16 16 15 15 16 15 16 17 15 16 15 15 15 16 15 15 16 15 16 16 16 15 16 15 16 16 15 15 16 16 15 16 16 15 16 15 15 16 16 16 15 16 16 15 15 15 16 16 15 16</CbACCoeff63>
          <CrACCoeff63>16 6 14 15 15 16 16 15 19 16 15 16 15 15 15 16 16 15 16 15 15 16 15 16 16 16 15 16 16 15 16 15 16 15 16 15 15 15 15 16 16 15 16 16 16 15 16 16 16 16 15 15 15 16 15 16 16 16 16 15 16 16 15</CrACCoeff63>
        </VisualDescriptor>
        <VisualDescriptor xsi:type="ScalableColorType" numOfBitplanesDiscarded="0" numOfCoeff="64">
          <Coeff>-203 64 23 49 5 7 13 15 6 13 11 22 8 10 13 16 0 1 0 2 -1 5 0 0 -4 1 4 3 -6 4 7 -3 0 0 0 1 0 0 1 2 1 1 1 3 1 2 4 5 1 -2 0 -1 -3 0 -8 -8 0 -3 -6 -9 -14 -9 -18 -15</Coeff>
        </VisualDescriptor>
        <VisualDescriptor xsi:type="EdgeHistogramType">
          <BinCounts>2 7 0 0 3 3 7 0 0 4 3 7 1 0 5 3 6 0 0 6 1 6 6 2 5 0 6 6 4 5 1 7 0 4 5 1 7 2 2 4 1 3 5 7 6 2 2 6 7 6 2 5 6 5 6 5 3 7 3 5 4 3 6 6 6 5 2 7 5 5 5 2 6 4 5 5 2 4 6 6</BinCounts>
        </VisualDescriptor>
        <VisualDescriptor xsi:type="DominantColorType">
          <SpatialCoherency>0</SpatialCoherency>
          <Values>
            <Percentage>14</Percentage>
            <ColorValueIndex>16 21 30</ColorValueIndex>
          </Values>
          <Values>
            <Percentage>2</Percentage>
            <ColorValueIndex>4 4 5</ColorValueIndex>
          </Values>
          <Values>
            <Percentage>1</Percentage>
            <ColorValueIndex>25 24 24</ColorValueIndex>
          </Values>
          <Values>
            <Percentage>1</Percentage>
            <ColorValueIndex>12 13 18</ColorValueIndex>
          </Values>
          <Values>
            <Percentage>3</Percentage>
            <ColorValueIndex>16 15 15</ColorValueIndex>
          </Values>
          <Values>
            <Percentage>7</Percentage>
            <ColorValueIndex>10 9 10</ColorValueIndex>
          </Values>
          <Values>
            <Percentage>0</Percentage>
            <ColorValueIndex>16 11 10</ColorValueIndex>
          </Values>
        </VisualDescriptor>
      </Image>
    </MultimediaContent>
  </Description>
</Mpeg7>

