<?xml version="1.0" encoding="UTF-8"?>
<Mpeg7 xmlns="urn:mpeg:mpeg7:schema:2001" xmlns:xsi="http://www.w3.org/2001/XMLSchema-instance">
  <DescriptionMetadata>
    <Version>2.0</Version>
    <Comment>
      <FreeTextAnnotation />
    </Comment>
    <Creator>
      <Role href="creatorCS">
        <Name>Creator</Name>
      </Role>
      <Agent xsi:type="PersonType">
        <Name>
          <GivenName>Mathias</GivenName>
          <FamilyName>Lux</FamilyName>
          <GivenName>Motte</GivenName>
        </Name>
        <Affiliation>
          <Organization>
            <Name>Know-Center</Name>
          </Organization>
        </Affiliation>
        <ElectronicAddress>
          <Email>mlux@know-center.at</Email>
          <Url>http://www.know-center.at</Url>
        </ElectronicAddress>
      </Agent>
    </Creator>
    <CreationTime>2005-02-03T22:09</CreationTime>
    <Instrument>
      <Tool>
        <Name>Caliph v0.9.14</Name>
      </Tool>
    </Instrument>
  </DescriptionMetadata>
  <Description xsi:type="ContentEntityType">
    <MultimediaContent xsi:type="ImageType">
      <Image>
        <MediaInformation>
          <MediaProfile master="true">
            <MediaFormat>
              <Content href="image" />
              <FileFormat href="urn:mpeg:MPEG7FileFormatCS:1">
                <Name>JPEG</Name>
              </FileFormat>
              <VisualCoding>
                <Format href="urn:mpeg:MPEG7FileFormatCS:1" colorDomain="color">
                  <Name>JPEG</Name>
                </Format>
                <Pixel bitsPer="24" />
                <Frame width="480" height="640" />
              </VisualCoding>
            </MediaFormat>
            <MediaQuality>
              <QualityRating type="subjective">
                <RatingValue>4</RatingValue>
                <RatingScheme style="higherBetter" worst="1" best="5" />
              </QualityRating>
              <RatingSource xsi:type="PersonType">
                <Name>
                  <GivenName>Mathias</GivenName>
                  <FamilyName>Lux</FamilyName>
                  <GivenName>Motte</GivenName>
                </Name>
                <Affiliation>
                  <Organization>
                    <Name>Know-Center</Name>
                  </Organization>
                </Affiliation>
                <ElectronicAddress>
                  <Email>mlux@know-center.at</Email>
                  <Url>http://www.know-center.at</Url>
                </ElectronicAddress>
              </RatingSource>
            </MediaQuality>
            <MediaInstance>
              <InstanceIdentifier />
              <MediaLocator>
                <MediaUri>file:/C:/Dokumente%20und%20Einstellungen/Mathias/Eigene%20Dateien/JavaProjects/Caliph/example-data/Jonglieren/P1020167.JPG</MediaUri>
              </MediaLocator>
            </MediaInstance>
          </MediaProfile>
          <MediaProfile>
            <MediaFormat>
              <Content href="image" />
              <FileFormat href="urn:mpeg:MPEG7FileFormatCS:1">
                <Name>JPEG</Name>
              </FileFormat>
              <VisualCoding>
                <Format href="urn:mpeg:MPEG7FileFormatCS:1" colorDomain="color">
                  <Name>JPEG</Name>
                </Format>
                <Pixel bitsPer="24" />
                <Frame width="120" height="120" />
              </VisualCoding>
            </MediaFormat>
            <MediaInstance>
              <InstanceIdentifier />
              <MediaLocator>
                <MediaUri>file:/C:/Dokumente%20und%20Einstellungen/Mathias/Eigene%20Dateien/JavaProjects/Caliph/example-data/Jonglieren/tn_P1020167.JPG</MediaUri>
              </MediaLocator>
            </MediaInstance>
          </MediaProfile>
        </MediaInformation>
        <CreationInformation>
          <Creation>
            <Title>Creation information</Title>
            <Creator>
              <Role href="creatorCS">
                <Name>Creator</Name>
              </Role>
              <Agent xsi:type="PersonType">
                <Name>
                  <GivenName>Mathias</GivenName>
                  <FamilyName>Lux</FamilyName>
                  <GivenName>Motte</GivenName>
                </Name>
                <Affiliation>
                  <Organization>
                    <Name>Know-Center</Name>
                  </Organization>
                </Affiliation>
                <ElectronicAddress>
                  <Email>mlux@know-center.at</Email>
                  <Url>http://www.know-center.at</Url>
                </ElectronicAddress>
              </Agent>
            </Creator>
            <CreationCoordinates>
              <Date>
                <TimePoint>2003-06-06T14:11:20</TimePoint>
              </Date>
            </CreationCoordinates>
            <CreationTool>
              <Tool>
                <Name>Panasonic DMC-LC20</Name>
              </Tool>
              <Setting name="Make" value="Panasonic" />
              <Setting name="Model" value="DMC-LC20" />
              <Setting name="Orientation" value="Top, left side (Horizontal / normal)" />
              <Setting name="X Resolution" value="72 dots per inch" />
              <Setting name="Y Resolution" value="72 dots per inch" />
              <Setting name="Resolution Unit" value="Inch" />
              <Setting name="Software" value="Ver.1.2" />
              <Setting name="Date/Time" value="2003:06:06 14:11:20" />
              <Setting name="YCbCr Positioning" value="Datum point" />
              <Setting name="Exposure Time" value="41/4710 sec" />
              <Setting name="F-Number" value="F2,8" />
              <Setting name="Exposure Program" value="Program normal" />
              <Setting name="ISO Speed Ratings" value="100" />
              <Setting name="Date/Time Original" value="2003:06:06 14:11:20" />
              <Setting name="Date/Time Digitized" value="2003:06:06 14:11:20" />
              <Setting name="Compressed Bits Per Pixel" value="3.4 bits/pixel" />
              <Setting name="Shutter Speed Value" value="1/111 sec" />
              <Setting name="Aperture Value" value="F2,8" />
              <Setting name="Exposure Bias Value" value="0 EV" />
              <Setting name="Max Aperture Value" value="F2,8" />
              <Setting name="Metering Mode" value="Center weighted average" />
              <Setting name="Light Source" value="Daylight" />
              <Setting name="Flash" value="Flash did not fire, auto" />
              <Setting name="Focal Length" value="5,4 mm" />
              <Setting name="Color Space" value="sRGB" />
              <Setting name="Exif Image Width" value="640 pixels" />
              <Setting name="Exif Image Height" value="480 pixels" />
              <Setting name="Sensing Method" value="One-chip color area sensor" />
              <Setting name="File Source" value="Digital Still Camera (DSC)" />
              <Setting name="Scene Type" value="Directly photographed image" />
              <Setting name="Custom Rendered" value="Normal process" />
              <Setting name="Exposure Mode" value="Auto exposure" />
              <Setting name="White Balance" value="Auto white balance" />
              <Setting name="Digital Zoom Ratio" value="Digital zoom not used." />
              <Setting name="Focal Length 35" value="Unknown" />
              <Setting name="Scene Capture Type" value="Standard" />
              <Setting name="Gain Control" value="Low gain down" />
              <Setting name="Contrast" value="None" />
              <Setting name="Saturation" value="None" />
              <Setting name="Sharpness" value="None" />
              <Setting name="Subject Distance Range" value="Distant view" />
              <Setting name="Compression" value="JPEG (old-style)" />
              <Setting name="Thumbnail Offset" value="1522 bytes" />
              <Setting name="Thumbnail Length" value="13826 bytes" />
            </CreationTool>
          </Creation>
        </CreationInformation>
        <TextAnnotation>
          <FreeTextAnnotation>Mathias Lux is at Schloss Rheintal for Jonglieren</FreeTextAnnotation>
          <StructuredAnnotation>
            <Who>
              <Name>Mathias Lux</Name>
            </Who>
            <WhatAction>
              <Name>Jonglieren</Name>
            </WhatAction>
            <Where>
              <Name>Schloss Rheintal</Name>
            </Where>
            <When>
              <Name>June 2003</Name>
            </When>
          </StructuredAnnotation>
        </TextAnnotation>
        <Semantic>
          <Label>
            <Name />
          </Label>
          <SemanticBase xsi:type="SemanticPlaceType" id="id_1">
            <Label>
              <Name>Schloss Rheintal</Name>
            </Label>
          </SemanticBase>
          <SemanticBase xsi:type="EventType" id="id_2">
            <Label>
              <Name>Jonglieren</Name>
            </Label>
            <Event>
              <Label>
                <Name>Jonglieren</Name>
              </Label>
              <SemanticPlace>
                <Label>
                  <Name>Schloss Rheintal</Name>
                </Label>
              </SemanticPlace>
              <SemanticTime>
                <Label>
                  <Name>Time of Jonglieren</Name>
                </Label>
                <Time>
                  <TimePoint>2005-02-03T22:09</TimePoint>
                </Time>
              </SemanticTime>
            </Event>
          </SemanticBase>
          <SemanticBase xsi:type="AgentObjectType" id="id_3">
            <Label>
              <Name>Mathias Lux</Name>
            </Label>
            <Agent xsi:type="PersonType">
              <Name>
                <GivenName>Mathias</GivenName>
                <FamilyName>Lux</FamilyName>
              </Name>
            </Agent>
          </SemanticBase>
          <SemanticBase xsi:type="ObjectType" id="id_4">
            <Label>
              <Name>Juggling clubs</Name>
            </Label>
          </SemanticBase>
          <Graph>
            <Relation type="urn:mpeg:mpeg7:cs:SemanticRelationCS:2001:agentOf" source="#id_3" target="#id_2" />
            <Relation type="urn:mpeg:mpeg7:cs:SemanticRelationCS:2001:location" source="#id_2" target="#id_1" />
            <Relation type="urn:mpeg:mpeg7:cs:SemanticRelationCS:2001:location" source="#id_3" target="#id_1" />
            <Relation type="urn:mpeg:mpeg7:cs:SemanticRelationCS:2001:instrumentOf" source="#id_4" target="#id_2" />
          </Graph>
        </Semantic>
        <VisualDescriptor xsi:type="ColorLayoutType">
          <YDCCoeff>26</YDCCoeff>
          <CbDCCoeff>20</CbDCCoeff>
          <CrDCCoeff>29</CrDCCoeff>
          <YACCoeff63>26 15 22 23 16 15 17 18 18 15 16 16 15 14 18 16 13 14 16 17 14 15 13 13 13 14 16 18 16 16 12 16 15 15 14 17 16 18 18 18 15 16 14 15 13 16 16 16 15 14 15 18 16 17 15 16 16 15 14 16 15 15 15</YACCoeff63>
          <CbACCoeff63>16 15 15 14 15 16 16 17 19 16 16 16 17 14 17 18 15 16 16 16 16 16 16 16 16 15 17 17 15 17 15 14 15 16 15 15 15 15 16 15 17 14 16 15 16 14 15 16 16 15 15 15 15 16 16 15 16 15 15 15 16 15 15</CbACCoeff63>
          <CrACCoeff63>16 15 15 16 16 16 15 15 15 16 16 16 15 16 16 15 15 16 15 15 15 16 15 15 15 15 15 16 17 16 16 15 16 15 16 16 16 16 15 16 15 16 15 16 16 16 16 15 15 16 15 16 16 16 15 15 16 16 16 15 16 15 16</CrACCoeff63>
        </VisualDescriptor>
        <VisualDescriptor xsi:type="ScalableColorType" numOfBitplanesDiscarded="0" numOfCoeff="64">
          <Coeff>-207 64 26 50 6 11 16 19 6 13 11 22 13 21 23 22 0 1 0 2 -1 5 0 0 -2 5 7 5 2 8 10 0 0 0 0 1 0 0 1 2 1 1 1 3 1 2 4 5 -5 -3 -11 -8 -13 -7 -12 -10 -7 -2 -6 -5 -14 -6 -17 -13</Coeff>
        </VisualDescriptor>
        <VisualDescriptor xsi:type="EdgeHistogramType">
          <BinCounts>2 4 5 6 6 3 3 6 7 5 1 6 5 5 4 1 5 4 5 7 4 3 6 3 7 3 4 6 3 7 3 4 5 6 6 2 5 6 6 6 3 2 6 6 6 2 6 6 5 3 5 2 3 6 6 4 2 6 6 6 4 3 7 5 5 1 6 6 3 6 2 4 7 4 6 4 3 6 4 6</BinCounts>
        </VisualDescriptor>
        <VisualDescriptor xsi:type="DominantColorType">
          <SpatialCoherency>0</SpatialCoherency>
          <Values>
            <Percentage>1</Percentage>
            <ColorValueIndex>11 14 20</ColorValueIndex>
          </Values>
          <Values>
            <Percentage>7</Percentage>
            <ColorValueIndex>10 11 7</ColorValueIndex>
          </Values>
          <Values>
            <Percentage>4</Percentage>
            <ColorValueIndex>29 29 29</ColorValueIndex>
          </Values>
          <Values>
            <Percentage>7</Percentage>
            <ColorValueIndex>5 6 3</ColorValueIndex>
          </Values>
          <Values>
            <Percentage>2</Percentage>
            <ColorValueIndex>25 27 19</ColorValueIndex>
          </Values>
          <Values>
            <Percentage>7</Percentage>
            <ColorValueIndex>15 17 10</ColorValueIndex>
          </Values>
          <Values>
            <Percentage>1</Percentage>
            <ColorValueIndex>23 19 16</ColorValueIndex>
          </Values>
          <Values>
            <Percentage>1</Percentage>
            <ColorValueIndex>12 14 16</ColorValueIndex>
          </Values>
        </VisualDescriptor>
      </Image>
    </MultimediaContent>
  </Description>
</Mpeg7>

