<?xml version="1.0" encoding="UTF-8"?>
<Mpeg7 xmlns="urn:mpeg:mpeg7:schema:2001" xmlns:xsi="http://www.w3.org/2001/XMLSchema-instance">
  <DescriptionMetadata>
    <Version>2.0</Version>
    <Comment>
      <FreeTextAnnotation />
    </Comment>
    <Creator>
      <Role href="creatorCS">
        <Name>Creator</Name>
      </Role>
      <Agent xsi:type="PersonType">
        <Name>
          <GivenName>Mathias</GivenName>
          <FamilyName>Lux</FamilyName>
          <GivenName>Motte</GivenName>
        </Name>
        <Affiliation>
          <Organization>
            <Name>Know-Center</Name>
          </Organization>
        </Affiliation>
        <ElectronicAddress>
          <Email>mlux@know-center.at</Email>
          <Url>http://www.know-center.at</Url>
        </ElectronicAddress>
      </Agent>
    </Creator>
    <CreationTime>2005-02-03T22:20</CreationTime>
    <Instrument>
      <Tool>
        <Name>Caliph v0.9.14</Name>
      </Tool>
    </Instrument>
  </DescriptionMetadata>
  <Description xsi:type="ContentEntityType">
    <MultimediaContent xsi:type="ImageType">
      <Image>
        <MediaInformation>
          <MediaProfile master="true">
            <MediaFormat>
              <Content href="image" />
              <FileFormat href="urn:mpeg:MPEG7FileFormatCS:1">
                <Name>JPEG</Name>
              </FileFormat>
              <VisualCoding>
                <Format href="urn:mpeg:MPEG7FileFormatCS:1" colorDomain="color">
                  <Name>JPEG</Name>
                </Format>
                <Pixel bitsPer="24" />
                <Frame width="480" height="640" />
              </VisualCoding>
            </MediaFormat>
            <MediaQuality>
              <QualityRating type="subjective">
                <RatingValue>4</RatingValue>
                <RatingScheme style="higherBetter" worst="1" best="5" />
              </QualityRating>
              <RatingSource xsi:type="PersonType">
                <Name>
                  <GivenName>Mathias</GivenName>
                  <FamilyName>Lux</FamilyName>
                  <GivenName>Motte</GivenName>
                </Name>
                <Affiliation>
                  <Organization>
                    <Name>Know-Center</Name>
                  </Organization>
                </Affiliation>
                <ElectronicAddress>
                  <Email>mlux@know-center.at</Email>
                  <Url>http://www.know-center.at</Url>
                </ElectronicAddress>
              </RatingSource>
            </MediaQuality>
            <MediaInstance>
              <InstanceIdentifier />
              <MediaLocator>
                <MediaUri>file:/C:/Dokumente%20und%20Einstellungen/Mathias/Eigene%20Dateien/JavaProjects/Caliph/example-data/Speedway/P1040428.JPG</MediaUri>
              </MediaLocator>
            </MediaInstance>
          </MediaProfile>
          <MediaProfile>
            <MediaFormat>
              <Content href="image" />
              <FileFormat href="urn:mpeg:MPEG7FileFormatCS:1">
                <Name>JPEG</Name>
              </FileFormat>
              <VisualCoding>
                <Format href="urn:mpeg:MPEG7FileFormatCS:1" colorDomain="color">
                  <Name>JPEG</Name>
                </Format>
                <Pixel bitsPer="24" />
                <Frame width="120" height="120" />
              </VisualCoding>
            </MediaFormat>
            <MediaInstance>
              <InstanceIdentifier />
              <MediaLocator>
                <MediaUri>file:/C:/Dokumente%20und%20Einstellungen/Mathias/Eigene%20Dateien/JavaProjects/Caliph/example-data/Speedway/tn_P1040428.JPG</MediaUri>
              </MediaLocator>
            </MediaInstance>
          </MediaProfile>
        </MediaInformation>
        <CreationInformation>
          <Creation>
            <Title>Creation information</Title>
            <Creator>
              <Role href="creatorCS">
                <Name>Creator</Name>
              </Role>
              <Agent xsi:type="PersonType">
                <Name>
                  <GivenName>Mathias</GivenName>
                  <FamilyName>Lux</FamilyName>
                  <GivenName>Motte</GivenName>
                </Name>
                <Affiliation>
                  <Organization>
                    <Name>Know-Center</Name>
                  </Organization>
                </Affiliation>
                <ElectronicAddress>
                  <Email>mlux@know-center.at</Email>
                  <Url>http://www.know-center.at</Url>
                </ElectronicAddress>
              </Agent>
            </Creator>
            <CreationCoordinates>
              <Date>
                <TimePoint>2004-05-20T13:51:21</TimePoint>
              </Date>
            </CreationCoordinates>
            <CreationTool>
              <Tool>
                <Name>Panasonic DMC-LC20</Name>
              </Tool>
              <Setting name="Make" value="Panasonic" />
              <Setting name="Model" value="DMC-LC20" />
              <Setting name="Orientation" value="Top, left side (Horizontal / normal)" />
              <Setting name="X Resolution" value="72 dots per inch" />
              <Setting name="Y Resolution" value="72 dots per inch" />
              <Setting name="Resolution Unit" value="Inch" />
              <Setting name="Software" value="Ver.1.2" />
              <Setting name="Date/Time" value="2004:05:20 13:51:21" />
              <Setting name="YCbCr Positioning" value="Datum point" />
              <Setting name="Exposure Time" value="8/4710 sec" />
              <Setting name="F-Number" value="F4,6" />
              <Setting name="Exposure Program" value="Program normal" />
              <Setting name="ISO Speed Ratings" value="100" />
              <Setting name="Date/Time Original" value="2004:05:20 13:51:21" />
              <Setting name="Date/Time Digitized" value="2004:05:20 13:51:21" />
              <Setting name="Compressed Bits Per Pixel" value="3.4 bits/pixel" />
              <Setting name="Shutter Speed Value" value="1/588 sec" />
              <Setting name="Aperture Value" value="F4,6" />
              <Setting name="Exposure Bias Value" value="0 EV" />
              <Setting name="Max Aperture Value" value="F2,8" />
              <Setting name="Metering Mode" value="Center weighted average" />
              <Setting name="Light Source" value="Daylight" />
              <Setting name="Flash" value="Flash did not fire, auto, red-eye reduction" />
              <Setting name="Focal Length" value="16,2 mm" />
              <Setting name="Color Space" value="sRGB" />
              <Setting name="Exif Image Width" value="640 pixels" />
              <Setting name="Exif Image Height" value="480 pixels" />
              <Setting name="Sensing Method" value="One-chip color area sensor" />
              <Setting name="File Source" value="Digital Still Camera (DSC)" />
              <Setting name="Scene Type" value="Directly photographed image" />
              <Setting name="Custom Rendered" value="Normal process" />
              <Setting name="Exposure Mode" value="Auto exposure" />
              <Setting name="White Balance" value="Auto white balance" />
              <Setting name="Digital Zoom Ratio" value="Digital zoom not used." />
              <Setting name="Focal Length 35" value="Unknown" />
              <Setting name="Scene Capture Type" value="Standard" />
              <Setting name="Gain Control" value="Low gain down" />
              <Setting name="Contrast" value="None" />
              <Setting name="Saturation" value="None" />
              <Setting name="Sharpness" value="None" />
              <Setting name="Subject Distance Range" value="Distant view" />
              <Setting name="Compression" value="JPEG (old-style)" />
              <Setting name="Thumbnail Offset" value="1522 bytes" />
              <Setting name="Thumbnail Length" value="11778 bytes" />
            </CreationTool>
          </Creation>
        </CreationInformation>
        <TextAnnotation>
          <StructuredAnnotation>
            <WhatObject>
              <Name>Quads</Name>
            </WhatObject>
            <WhatAction>
              <Name>Speedway</Name>
            </WhatAction>
            <Where>
              <Name>Mureck</Name>
            </Where>
            <When>
              <Name>Summer 2004</Name>
            </When>
          </StructuredAnnotation>
        </TextAnnotation>
        <Semantic>
          <Label>
            <Name />
          </Label>
          <SemanticBase xsi:type="ObjectType" id="id_1">
            <Label>
              <Name>Quad</Name>
            </Label>
          </SemanticBase>
          <SemanticBase xsi:type="EventType" id="id_2">
            <Label>
              <Name>Speedway</Name>
            </Label>
            <Event>
              <Label>
                <Name>Speedway</Name>
              </Label>
              <SemanticPlace>
                <Label>
                  <Name>Mureck</Name>
                </Label>
              </SemanticPlace>
              <SemanticTime>
                <Label>
                  <Name>Time of Speedway</Name>
                </Label>
                <Time>
                  <TimePoint>2004-08-03T22:18</TimePoint>
                </Time>
              </SemanticTime>
            </Event>
          </SemanticBase>
          <SemanticBase xsi:type="SemanticTimeType" id="id_3">
            <Label>
              <Name>Summer 2004</Name>
            </Label>
            <Definition>
              <FreeTextAnnotation>The summertime in 2004</FreeTextAnnotation>
            </Definition>
            <Time>
              <TimePoint>2004-09-27T15:42</TimePoint>
            </Time>
          </SemanticBase>
          <SemanticBase xsi:type="SemanticPlaceType" id="id_4">
            <Label>
              <Name>Mureck</Name>
            </Label>
          </SemanticBase>
          <SemanticBase xsi:type="ObjectType" id="id_5">
            <Label>
              <Name>Trike</Name>
            </Label>
          </SemanticBase>
          <SemanticBase xsi:type="SemanticPlaceType" id="id_6">
            <Label>
              <Name>Styria</Name>
            </Label>
            <Place>
              <PostalAddress>
                <AddressLine>Austria</AddressLine>
              </PostalAddress>
            </Place>
          </SemanticBase>
          <SemanticBase xsi:type="SemanticPlaceType" id="id_7">
            <Label>
              <Name>Austria</Name>
            </Label>
            <Place>
              <PostalAddress>
                <AddressLine>Europe</AddressLine>
              </PostalAddress>
            </Place>
          </SemanticBase>
          <Graph>
            <Relation type="urn:mpeg:mpeg7:cs:SemanticRelationCS:2001:time" source="#id_2" target="#id_3" />
            <Relation type="urn:mpeg:mpeg7:cs:SemanticRelationCS:2001:location" source="#id_2" target="#id_4" />
            <Relation type="urn:mpeg:mpeg7:cs:SemanticRelationCS:2001:userOf" source="#id_1" target="#id_2" />
            <Relation type="urn:mpeg:mpeg7:cs:SemanticRelationCS:2001:userOf" source="#id_5" target="#id_2" />
            <Relation type="urn:mpeg:mpeg7:cs:SemanticRelationCS:2001:locationOf" source="#id_7" target="#id_6" />
            <Relation type="urn:mpeg:mpeg7:cs:SemanticRelationCS:2001:locationOf" source="#id_6" target="#id_4" />
          </Graph>
        </Semantic>
        <VisualDescriptor xsi:type="ColorLayoutType">
          <YDCCoeff>23</YDCCoeff>
          <CbDCCoeff>20</CbDCCoeff>
          <CrDCCoeff>41</CrDCCoeff>
          <YACCoeff63>15 5 9 15 12 16 13 16 16 19 17 16 16 17 15 16 15 17 16 18 13 15 17 14 15 15 15 16 16 16 16 15 17 16 13 14 16 15 14 16 16 16 16 15 16 14 15 16 17 16 16 16 16 15 16 15 15 15 16 15 16 16 15</YACCoeff63>
          <CbACCoeff63>16 20 17 15 15 16 16 15 14 14 16 16 16 16 16 16 16 16 16 16 16 15 16 16 16 16 15 15 15 15 15 15 16 15 16 16 15 16 15 16 15 15 15 16 16 16 16 15 15 15 16 16 16 16 16 16 16 16 16 16 16 16 16</CbACCoeff63>
          <CrACCoeff63>17 7 14 15 14 16 15 15 15 17 17 16 16 16 16 15 16 16 15 17 14 14 16 15 15 15 15 15 16 15 16 15 16 16 14 16 16 15 15 16 16 15 16 15 16 15 16 16 16 15 16 15 16 16 16 15 16 15 16 16 16 15 15</CrACCoeff63>
        </VisualDescriptor>
        <VisualDescriptor xsi:type="ScalableColorType" numOfBitplanesDiscarded="0" numOfCoeff="64">
          <Coeff>-205 69 23 57 2 4 7 17 6 13 11 22 7 9 12 20 0 1 0 2 -1 5 0 0 -1 5 9 5 -8 1 1 -1 0 0 0 1 0 0 1 2 1 1 1 3 1 2 4 5 -4 -3 -6 -3 -13 -5 -12 -10 -1 -6 -6 -12 -14 -15 -18 -15</Coeff>
        </VisualDescriptor>
        <VisualDescriptor xsi:type="EdgeHistogramType">
          <BinCounts>2 3 5 6 7 3 3 5 7 6 3 4 5 3 7 2 3 5 7 6 2 5 6 6 4 3 6 6 3 5 2 7 3 4 3 0 7 5 3 2 2 7 2 4 4 1 6 6 5 5 1 5 5 4 6 0 6 4 5 6 1 5 5 5 6 1 6 1 2 6 0 7 2 5 5 0 7 2 4 3</BinCounts>
        </VisualDescriptor>
        <VisualDescriptor xsi:type="DominantColorType">
          <SpatialCoherency>0</SpatialCoherency>
          <Values>
            <Percentage>5</Percentage>
            <ColorValueIndex>3 4 3</ColorValueIndex>
          </Values>
          <Values>
            <Percentage>0</Percentage>
            <ColorValueIndex>10 11 13</ColorValueIndex>
          </Values>
          <Values>
            <Percentage>15</Percentage>
            <ColorValueIndex>22 16 14</ColorValueIndex>
          </Values>
          <Values>
            <Percentage>2</Percentage>
            <ColorValueIndex>18 18 11</ColorValueIndex>
          </Values>
          <Values>
            <Percentage>3</Percentage>
            <ColorValueIndex>8 9 6</ColorValueIndex>
          </Values>
          <Values>
            <Percentage>1</Percentage>
            <ColorValueIndex>24 22 21</ColorValueIndex>
          </Values>
          <Values>
            <Percentage>2</Percentage>
            <ColorValueIndex>16 14 14</ColorValueIndex>
          </Values>
        </VisualDescriptor>
      </Image>
    </MultimediaContent>
  </Description>
</Mpeg7>

